Entity,Total Prevalence,Tracking Prevalence,Non-tracking Prevalence
"Google LLC",0.65,0.577,0.0729
"Amazon Technologies, Inc.",0.142,0.0834,0.0591
"Cloudflare, Inc.",0.111,0.0788,0.0323
"Facebook, Inc.",0.084,0.0725,0.0114
"OneTrust LLC",0.0712,0.0689,0.00231
"Adobe Inc.",0.0667,0.05,0.0168
"Akamai Technologies",0.066,0.0408,0.0252
"Prospect One",0.0636,0.0235,0.0401
"INFOnline GmbH",0.0496,0.00572,0.0438
"Sourcepoint Technologies Inc",0.049,0.048,0.001
"Microsoft Corporation",0.0486,0.041,0.00753
"ExoClick, S.L.",0.0481,0.0474,0.000702
"Quantcast Corporation",0.0457,0.045,0.000702
"StackPath, LLC",0.04,0.00351,0.0365
"Xandr, Inc.",0.0387,0.0273,0.0114
"IAB Europe",0.0365,0.0331,0.00341
"Cybot ApS",0.0336,0.0336,0
"ID5 Technology Ltd",0.0329,0.0266,0.00632
"PubMatic, Inc.",0.0317,0.0275,0.00421
"Criteo SA",0.0312,0.0172,0.014
"New Relic",0.0306,0.0278,0.00281
"Verizon Media",0.0294,0.024,0.00542
"The Trade Desk Inc",0.0291,0.0014,0.0277
"Magnite, Inc.",0.029,0.0128,0.0162
"Index Exchange, Inc.",0.0289,0.0233,0.00562
"Twitter, Inc.",0.0287,0.0251,0.00361
"Yandex LLC",0.0279,0.0273,0.000602
"Automattic, Inc.",0.0279,0.0165,0.0114
"OpenJS Foundation",0.0275,0.0172,0.0103
"consentmanager AB",0.0267,0.0187,0.00803
"Oracle Corporation",0.0263,0.0233,0.00301
"LiveRamp Holdings, Inc.",0.0263,0.0141,0.0121
"comScore, Inc",0.0259,0.0207,0.00522
"Fastly, Inc.",0.0255,0.00933,0.0162
"unpkg",0.0243,0.00502,0.0193
"Adform A/S",0.0241,0.0178,0.00632
"IPONWEB GmbH",0.0223,0.0193,0.00301
"TripleLift",0.0221,0.00602,0.0161
"Smartadserver S.A.S",0.0219,0.00823,0.0136
"OpenX Technologies Inc",0.0211,0.00421,0.0169
"Hotjar Ltd",0.0204,0.0198,0.000602
"Trusted Shops GmbH",0.0201,0.0193,0.000803
"Conversant LLC",0.0197,0.0112,0.00843
"Virtual Minds AG",0.0194,0.0178,0.00161
"Fonticons Inc",0.0191,0.00191,0.0172
"Tealium Inc.",0.019,0.0176,0.0014
"Functional Software, Inc.",0.0175,0.00281,0.0146
"Sovrn Holdings",0.0174,0.0129,0.00442
"MediaMath, Inc.",0.0174,0.017,0.000401
"The Financial Times Limited",0.0172,0,0.0172
"Salesforce.com, Inc.",0.0171,0.0142,0.00281
"easyAd Deutschland GmbH",0.0169,0,0.0169
"Lotame Solutions, Inc.",0.0169,0.00522,0.0116
"Taboola, Inc.",0.0168,0.0106,0.00612
"Blockthrough Inc.",0.0162,0.0157,0.000502
"Outbrain",0.0149,0.00873,0.00612
"OneTag Limited",0.0138,0,0.0138
"Improve Digital BV",0.0136,0.0125,0.0011
"Teads ( Luxenbourg ) SA",0.0134,0.00331,0.0101
"Pinterest, Inc.",0.0132,0.0112,0.00201
"Ezoic Inc.",0.0127,0.0118,0.000903
"Simplifi Holdings Inc.",0.0127,0.0123,0.000401
"MindGeek",0.0121,0.0106,0.00151
"wisecode s.r.l.",0.0116,0.0105,0.0011
"Audigent",0.0115,0.00582,0.00572
"CleverPush GmbH",0.0113,0.0103,0.001
"JuicyAds",0.0111,0.011,0.0001
"Mediavine, Inc.",0.011,0.0109,0.0001
"Integral Ad Science, Inc.",0.0108,0.00191,0.00893
"etracker GmbH",0.0107,0.0106,0.0001
"Traffic Stars",0.0107,0.0102,0.000502
"BunnyCDN",0.0107,0.00181,0.00893
"Delta Projects AB",0.0106,0.0103,0.000301
"Permutive, Inc.",0.0105,0.00823,0.00231
"Zeotap GmbH",0.0104,0.01,0.000401
"Trustpilot A/S",0.0103,0.00783,0.00251
"Amobee, Inc",0.0102,0.00993,0.000301
"Sharethrough, Inc.",0.0102,0,0.0102
"Media.net Advertising FZ-LLC",0.0101,0.00763,0.00251
"RhythmOne",0.01,0.00833,0.00171
"Chartbeat",0.00993,0.00943,0.000502
"OOO ECO PC - Complex Solutions",0.00973,0.00943,0.000301
"Awin AG",0.00913,0.00793,0.0012
"Verwertungsgesellschaft WORT",0.00893,0.00883,0.0001
"Exponential Interactive Inc.",0.00883,0.00883,0
"Weborama",0.00883,0.00843,0.000401
"ByteDance Ltd.",0.00873,0.00823,0.000502
"Cloudinary Ltd",0.00863,0,0.00863
"Clickadu s.r.o.",0.00843,0.00833,0.0001
"OneSignal",0.00833,0.00783,0.000502
"Intuition Machines, Inc.",0.00813,0.00652,0.00161
"33Across, Inc.",0.00813,0.00201,0.00612
"Chaturbate, LLC",0.00793,0.00783,0.0001
"Centro, Inc.",0.00783,0,0.00783
"Piano Software",0.00783,0.00732,0.000502
"Yieldlove GmbH",0.00773,0.00763,0.0001
"Roku, Inc.",0.00753,0.00743,0.0001
"Monotype Imaging Inc.",0.00743,0.00712,0.000301
"Content Pass GmbH",0.00732,0.0001,0.00722
"Contentful GmbH",0.00722,0,0.00722
"Engine USA LLC",0.00722,0.000803,0.00642
"The Nielsen Company",0.00702,0.00562,0.0014
"Didomi",0.00692,0.00692,0
"Webtrekk GmbH",0.00692,0.00682,0.0001
"advanced STORE GmbH",0.00682,0.00602,0.000803
"Ströer Group",0.00682,0.00632,0.000502
"Adyoulike",0.00672,0,0.00672
"WordPress Foundation",0.00662,0,0.00662
"webclicks24.com",0.00662,0.00652,0.0001
"Vimeo, LLC",0.00642,0.00532,0.0011
"Optimizely, Inc.",0.00642,0.00472,0.00171
"SpotX, Inc.",0.00642,0.00602,0.000401
"Telaria",0.00632,0.000602,0.00572
"Parsely, Inc.",0.00622,0.00582,0.000401
"whos.amung.us Inc",0.00612,0.00191,0.00421
"Monet Engine Inc.",0.00612,0.00251,0.00361
"TrustArc Inc.",0.00612,0.00512,0.001
"LongTail Ad Solutions, Inc.",0.00612,0.00341,0.00271
"Datadog, Inc.",0.00612,0.00311,0.00301
"SAP SE",0.00612,0.00582,0.000301
"Zebrafish Labs",0.00612,0.0001,0.00602
"RTB House S.A.",0.00602,0.00391,0.00211
"Collective Roll",0.00602,0.00572,0.000301
"Beeswax",0.00592,0.00542,0.000502
"PayPal, Inc.",0.00582,0.00401,0.00181
"Pulsepoint, Inc.",0.00582,0.00542,0.000401
"Connatix",0.00562,0.00401,0.00161
"Smaato Inc.",0.00562,0,0.00562
"AT Internet",0.00552,0.00411,0.0014
"AddToAny",0.00542,0.00512,0.000301
"Kilkaya AS",0.00542,0.00532,0.0001
"MediaLab.Ai",0.00532,0.0001,0.00522
"Wingify",0.00532,0.00522,0.0001
"Unruly Group Limited",0.00522,0.00371,0.00151
"Neustar, Inc.",0.00522,0.00482,0.000401
"FreeWheel",0.00522,0.00492,0.000301
"Adscore Technologies DMCC",0.00512,0.00512,0
"Disqus, Inc.",0.00512,0.00161,0.00351
"YieldMo, Inc.",0.00512,0.000201,0.00492
"OnAudience Ltd.",0.00512,0.00512,0
"Crazy Egg, Inc.",0.00512,0.00401,0.0011
"LoopMe Ltd",0.00502,0.00482,0.000201
"Zendesk, Inc.",0.00502,0.00421,0.000803
"Crimtan Holdings Ltd",0.00492,0.00472,0.000201
"WPP plc",0.00452,0.0012,0.00331
"Fjord Technologies",0.00442,0.00391,0.000502
"Kameleoon",0.00442,0.00421,0.000201
"Reddit Inc.",0.00431,0.00391,0.000401
"HubSpot, Inc.",0.00431,0.00381,0.000502
"BidTheatre AB",0.00431,0.00431,0
"Impact",0.00431,0.00421,0.0001
"Dynamic Yield",0.00421,0.00401,0.000201
"SpeedCurve Limited",0.00411,0.00351,0.000602
"Dotmetrics",0.00411,0.00411,0
"StatCounter",0.00401,0.00401,0
"Leven Labs, Inc. DBA Admiral",0.00391,0.00391,0
"DataCamp Limited",0.00391,0.000502,0.00341
"Stripe, Inc",0.00381,0.00371,0.0001
"VK Company Ltd.",0.00381,0.00271,0.0011
"proinity GmbH",0.00381,0.00151,0.00231
"Conrad Electronic SE",0.00371,0.00361,0.0001
"Pubstack",0.00371,0.00191,0.00181
"Shopify Inc.",0.00371,0.00281,0.000903
"Adagio",0.00371,0.00331,0.000401
"Segment.io, Inc.",0.00371,0.00291,0.000803
"Bugsnag Inc.",0.00361,0,0.00361
"Ividence",0.00361,0,0.00361
"AdGear Technologies Inc.",0.00361,0,0.00361
"Amplitude",0.00361,0.00261,0.001
"Momentive Inc.",0.00351,0.00291,0.000602
"TransUnion LLC",0.00351,0.000201,0.00331
"Telefonica Germany GmbH und Co. OHG",0.00341,0.00331,0.0001
"PLAYGROUND XYZ",0.00341,0.00341,0
"Semasio GmbH",0.00341,0.00301,0.000401
"Ensighten, Inc",0.00331,0.00321,0.0001
"IPROM, d.o.o.",0.00331,0,0.00331
"Truffles FZCO",0.00331,0,0.00331
"AdPilot",0.00331,0,0.00331
"Snap Inc.",0.00331,0.00321,0.0001
"LiveIntent Inc.",0.00331,0.00321,0.0001
"ShareThis, Inc",0.00321,0.00321,0
"Merkle Inc",0.00321,0,0.00321
"WGCZ a.s.",0.00311,0.000401,0.00271
"Vibrant Media Limited",0.00311,0.00151,0.00161
"Blis Global Ltd",0.00311,0.00311,0
"Skimbit LTD",0.00311,0.00291,0.000201
"Zeta Global",0.00311,0.00301,0.0001
"MyFonts Inc.",0.00311,0,0.00311
"Gemius S.A.",0.00301,0.00181,0.0012
"DataDome",0.00301,0.00291,0.0001
"Brightcove, Inc.",0.00301,0.00211,0.000903
"Doofinder",0.00291,0.00281,0.0001
"Klaviyo",0.00291,0.00251,0.000401
"Gigya Inc",0.00291,0.00291,0
"NKL s.r.o.",0.00281,0.00151,0.0013
"Instana, Inc.",0.00281,0.00271,0.0001
"AdThrive, LLC",0.00281,0.00261,0.000201
"GumGum",0.00281,0.00191,0.000903
"Publisher First, Inc. dba Freestar",0.00281,0.00271,0.0001
"Demandbase, Inc.",0.00281,0.00171,0.0011
"emetriq GmbH",0.00281,0.000602,0.00221
"Expert Systems AG",0.00271,0.00191,0.000803
"CacheNetworks, LLC",0.00271,0.00251,0.000201
"Klarna Bank AB",0.00271,0.00191,0.000803
"Apple Inc.",0.00271,0.00191,0.000803
"Plausible Analytics",0.00271,0.00241,0.000301
"Webgains",0.00261,0.00221,0.000401
"Retyp LLC",0.00261,0.00261,0
"Trbo GmbH",0.00261,0.00251,0.0001
"Bazaarvoice, Inc.",0.00261,0.00251,0.0001
"Captify Technologies Ltd.",0.00261,0.000401,0.00221
"CM Group",0.00261,0.00191,0.000702
"Platform Inc.",0.00251,0,0.00251
"Audiencerate Ltd",0.00251,0.00201,0.000502
"Rich Audience Technologies",0.00251,0.000301,0.00221
"Ad Lightning, Inc.",0.00251,0.00241,0.0001
"The Moneytizer",0.00251,0.00251,0
"Crownpeak Technology",0.00251,0.00201,0.000502
"Digital Millennium Copyright Act Services Ltd.",0.00241,0,0.00241
"Trackonomics Ltd.",0.00241,0.00181,0.000602
"PerimeterX, Inc.",0.00241,0.000602,0.00181
"twiago GmbH",0.00241,0.000201,0.00221
"Reflected Networks, LLC",0.00241,0.00151,0.000903
"Roq.ad",0.00241,0.0013,0.0011
"DOCLER IP S.A R.L.",0.00241,0.00221,0.000201
"Sonobi, Inc",0.00231,0.00211,0.000201
"Algolia Inc",0.00231,0,0.00231
"Rakuten, Inc.",0.00231,0.00231,0
"AB Tasty",0.00231,0.00221,0.0001
"Discord, Inc.",0.00221,0.00221,0
"UPSCORE GMBH",0.00221,0.00221,0
"Bounce Exchange",0.00221,0.00201,0.000201
"Dailymotion SA",0.00221,0.000702,0.00151
"ReadSpeaker Holding BV",0.00221,0.00221,0
"AbstractBrain srls",0.00221,0.00221,0
"LEADPLACE",0.00211,0,0.00211
"ADLEAD",0.00211,0,0.00211
"BurdaForward GmbH",0.00211,0.00211,0
"Sift Science, Inc.",0.00211,0.00211,0
"Sparkassen-Finanzportal GmbH",0.00211,0.00211,0
"Roxr Software Ltd",0.00201,0.00161,0.000401
"GitHub, Inc.",0.00201,0.000401,0.00161
"Media Impact Group",0.00201,0,0.00201
"Platform161",0.00201,0.00201,0
"Propeller Ads",0.00201,0.00201,0
"Catamorphic Co.",0.00201,0,0.00201
"CHEQ AI Technologies Ltd.",0.00201,0.00201,0
"Hexagon Data, S.A.P.I. de C.V.",0.00201,0,0.00201
"Piwik PRO Sp. z o.o.",0.00201,0.00201,0
"Venatus Media Limited",0.00201,0.00201,0
"iubenda s.r.l.",0.00191,0.00151,0.000401
"Wikimedia Foundation, Inc.",0.00191,0.000502,0.0014
"DTS Technology",0.00191,0.00181,0.0001
"Adtelligent Inc.",0.00191,0.001,0.000903
"ConnectAd",0.00191,0.000702,0.0012
"Nativo, Inc",0.00191,0.0013,0.000602
"ContentSquare",0.00191,0.00171,0.000201
"SSP Network Ltd",0.00191,0.00181,0.0001
"Purch Group, Inc.",0.00191,0.000702,0.0012
"Mixpanel, Inc.",0.00181,0.0014,0.000401
"Branch Metrics, Inc.",0.00181,0.00181,0
"Pingdom AB",0.00181,0.00161,0.000201
"Intuit Inc.",0.00181,0.000803,0.001
"Fifty Technology Limited",0.00181,0.00171,0.0001
"Browser Update",0.00181,0.00161,0.000201
"Brandmetrics",0.00181,0.00181,0
"JSC ADFACT",0.00181,0.00181,0
"Citrix Systems Inc",0.00171,0.00161,0.0001
"Tapad, Inc.",0.00171,0.0011,0.000602
"Acceptable Ads Exchange",0.00171,0.00171,0
"Bombora Inc.",0.00171,0.000903,0.000803
"eyeota Limited",0.00171,0.00161,0.0001
"6 Sense Insights Inc.",0.00171,0.00171,0
"International Business Machines Corporation",0.00171,0.000401,0.0013
"Pushly",0.00171,0.00161,0.0001
"Symplify Technologies AB",0.00171,0.0001,0.00161
"ICF Technology, Inc",0.00171,0.0013,0.000401
"Matomo",0.00171,0.00151,0.000201
"Sirdata SAS",0.00161,0.0013,0.000301
"Intercom",0.00161,0.00161,0
"Prebid.org",0.00161,0.000803,0.000803
"BuySellAds",0.00161,0.00151,0.0001
"DoubleVerify",0.00161,0.0011,0.000502
"mcosys GmbH",0.00161,0.0011,0.000502
"Dynatrace LLC",0.00161,0.00161,0
"Perfect Market, Inc.",0.00151,0.0013,0.000201
"Intergi Entertainment",0.00151,0.00151,0
"BongaCams",0.00151,0.000803,0.000702
"Kargo Global, Inc.",0.00151,0.00151,0
"AdRoll, Inc.",0.00151,0.000502,0.001
"Synacor, Inc.",0.00151,0.00151,0
"Five Media Marketing Limited",0.00151,0.0013,0.000201
"gskinner",0.00151,0.00151,0
"Quora",0.00151,0.000401,0.0011
"AudienceProject",0.00151,0.0013,0.000201
"Idealo Internet GmbH",0.00151,0.000301,0.0012
"Medallia Inc.",0.00151,0.0012,0.000301
"Prismic.io Inc.",0.00151,0,0.00151
"AdSpirit GmbH",0.00151,0.0014,0.0001
"OpenStreetMap Foundation",0.0014,0.0001,0.0013
"Mouseflow",0.0014,0.0012,0.000201
"CBC Cologne Broadcasting Center GmbH",0.0014,0,0.0014
"Osano, Inc.",0.0014,0.0014,0
"Teroa S.A.",0.0014,0.0013,0.0001
"Riskified Ltd.",0.0014,0.0014,0
"eBay, Inc.",0.0014,0.0013,0.0001
"ipify.org",0.0014,0,0.0014
"Braze, Inc.",0.0014,0.001,0.000401
"Future Plc",0.0014,0.0014,0
"FullStory",0.0014,0.0012,0.000201
"audienzz AG",0.0014,0.0014,0
"ADman Media",0.0013,0,0.0013
"Adelphic, Inc.",0.0013,0.0012,0.0001
"DeepIntent Inc",0.0013,0,0.0013
"MGID Inc",0.0013,0.0013,0
"RELX Group",0.0013,0.0011,0.000201
"ActiveCampaign, Inc.",0.0013,0.0012,0.0001
"CenturyLink, Inc.",0.0013,0,0.0013
"Innovid Media",0.0012,0.0012,0
"Mapbox Inc.",0.0012,0.000502,0.000702
"AUBII GmbH",0.0012,0.0012,0
"Ziff Davis LLC",0.0012,0.001,0.000201
"Supership Inc",0.0012,0,0.0012
"Soluciones Corporativas IP, SL",0.0012,0.000903,0.000301
"Monetate, Inc.",0.0012,0.0012,0
"Heap",0.0012,0.0012,0
"Dynamic Web Source, Inc.",0.0012,0.001,0.000201
"Sportradar AG",0.0012,0.0011,0.0001
"BlogHer, Inc.",0.0012,0.0012,0
"Narrativ Company, Inc.",0.0012,0.0012,0
"LLC Internest-holding",0.0012,0.000401,0.000803
"SevenOne Media GmbH",0.0012,0.0012,0
"Glomex GmbH",0.0012,0,0.0012
"FIDUCIA & GAD IT AG",0.0012,0.0012,0
"Unbounce",0.0011,0.0011,0
"Yahoo Japan Corporation",0.0011,0.000803,0.000301
"Dual Technologies Services",0.0011,0.000602,0.000502
"Marketing Science Consulting Group, Inc.",0.0011,0.0011,0
"InMobi Pte Ltd",0.0011,0,0.0011
"Yottaa Inc",0.0011,0.001,0.0001
"LinkConnector Corporation",0.0011,0.0011,0
"6Sense Insights, Inc.",0.0011,0,0.0011
"GetWebCraft Limited",0.0011,0.000702,0.000401
"Digioh, LLC",0.0011,0.0011,0
"iSpot.tv",0.0011,0.0011,0
"REFLUENCE",0.0011,0.0001,0.001
"XXXLutz KG",0.0011,0,0.0011
"Forter Inc.",0.0011,0.0011,0
"CDNWIDGET.COM",0.0011,0.000502,0.000602
"Swiftype, Inc.",0.001,0.000201,0.000803
"Icons8 LLC",0.001,0,0.001
"MailerLite, Inc.",0.001,0.000602,0.000401
"G+J Digital Products GmbH",0.001,0.000401,0.000602
"DynAdmic",0.001,0.000201,0.000803
"NitroPack Ltd.",0.001,0.000201,0.000803
"Creative Commons",0.001,0,0.001
"DigitalOcean, LLC",0.001,0.0001,0.000903
"McCann Disciplines Ltd.",0.001,0.001,0
"A.Mob SAS",0.001,0.0001,0.000903
"Opera Software AS",0.001,0.001,0
"Free Stream Media Corp",0.001,0.001,0
"Flashtalking Inc",0.001,0.000502,0.000502
"trueAnthem Corp",0.001,0.000903,0.0001
"Drift.com, Inc.",0.001,0.001,0
"Avocet Systems Ltd.",0.001,0.000903,0.0001
"Proper Media",0.001,0.001,0
"econda GmbH",0.001,0,0.001
"Sosyo Plus Bilgi Bilişim Tekn. Dan. Hiz. Tic. A.Ş.",0.001,0.001,0
"Health On the Net Foundation",0.001,0,0.001
"Atlassian Corporation plc",0.000903,0.000401,0.000502
"EMX Digital, LLC",0.000903,0.000803,0.0001
"LivePerson, Inc",0.000903,0.000903,0
"eRecht24 - Karsten Fernkorn & Soeren Siebert",0.000903,0,0.000903
"Vladimir Fedotov",0.000903,0.000903,0
"Coveo Solutions Inc.",0.000903,0.000702,0.000201
"ANIVIEW LTD",0.000903,0.000803,0.0001
"Civic Computing Limited",0.000903,0.000803,0.0001
"SpringServe, LLC",0.000903,0.000702,0.000201
"OpenWeb Technologies Ltd.",0.000903,0.000903,0
"Lucid Holdings, LLC",0.000903,0,0.000903
"Survata, Inc.",0.000903,0,0.000903
"NinthDecimal, Inc",0.000903,0.000903,0
"Quantum Metric Inc.",0.000903,0.000903,0
"iAdvize",0.000903,0.000903,0
"Cookie Information A/S",0.000903,0.000903,0
"Radware Ltd.",0.000903,0.000201,0.000702
"Clickagy",0.000903,0.000502,0.000401
"mParticle, Inc",0.000903,0.000702,0.000201
"Klambt-Verlag GmbH & Co.KG",0.000903,0.000803,0.0001
"Rackspace US, Inc.",0.000803,0,0.000803
"eSell Solutions Ltd. DBA MonetizeMore",0.000803,0.000702,0.0001
"SEEDTAG ADVERTISING S.L.",0.000803,0.000702,0.0001
"Adpone, S.L.",0.000803,0.000301,0.000502
"Rollbar, Inc.",0.000803,0.000803,0
"KBM Group LLC",0.000803,0,0.000803
"Publishers Revenue Optimization Sp. z o.o.",0.000803,0.000803,0
"TAPTAP DIGITAL, S.L.",0.000803,0.000803,0
"SoundCloud Global Limited & Co. KG",0.000803,0.000301,0.000502
"Attentive Mobile",0.000803,0.000803,0
"The Hoefler Type Foundry, Inc",0.000803,0,0.000803
"InsurAds",0.000803,0.000401,0.000401
"NSONE Inc",0.000803,0.000803,0
"Online Technology and Media",0.000803,0.000201,0.000602
"Siteimprove A/S",0.000803,0.000702,0.0001
"Yotpo Ltd",0.000803,0.000702,0.0001
"Webflow, Inc.",0.000803,0.000702,0.0001
"Deutsches Institut f. Medizinische Dokumentation und Information",0.000803,0.000401,0.000401
"GetIntent",0.000803,0.000602,0.000201
"TradeDoubler AB",0.000803,0.000502,0.000301
"Nosto Solutions Ltd",0.000803,0.000702,0.0001
"cyon GmbH",0.000803,0.000803,0
"Cliplister GmbH",0.000803,0.000201,0.000602
"IO Technologies Inc.",0.000803,0.000803,0
"Marfeel Solutions, S.L.",0.000702,0.000702,0
"Pendo.io, Inc.",0.000702,0.000401,0.000301
"SixMix LLC",0.000702,0.000602,0.0001
"Dstillery Inc.",0.000702,0.000301,0.000401
"APAC Digital Exchange",0.000702,0.000602,0.0001
"GG Software LLC",0.000702,0.000702,0
"Next Millennium Media, Inc.",0.000702,0.000702,0
"LiveChat Inc",0.000702,0.000702,0
"OVERUS SERVICES LIMITED",0.000702,0.000401,0.000301
"Baidu, Inc.",0.000702,0.000502,0.000201
"Benjamin Cahen",0.000702,0.000401,0.000301
"TOPlist s.r.o",0.000702,0,0.000702
"Datawrapper GmbH",0.000702,0.000702,0
"Sanity",0.000702,0,0.000702
"Quality Unit LLC",0.000702,0.000502,0.000201
"Smooch Technologies Inc.",0.000702,0.0001,0.000602
"Datonics LLC",0.000702,0.0001,0.000602
"bitmovin GmbH",0.000702,0,0.000702
"accessiBe Inc.",0.000702,0.000602,0.0001
"Fanhattan LLC",0.000602,0,0.000602
"JustPremium",0.000602,0.000301,0.000301
"RawGit",0.000602,0.0001,0.000502
"Sirius XM Holdings Inc.",0.000602,0.000502,0.0001
"auFeminin.com SA",0.000602,0.000502,0.0001
"MaxMind Inc.",0.000602,0.0001,0.000502
"AdTarget Medya A.Ş.",0.000602,0.000502,0.0001
"Vanilla Forums",0.000602,0,0.000602
"Lithium Technologies",0.000602,0.000502,0.0001
"WarnerMedia, LLC",0.000602,0.000502,0.0001
"Nexstar Media Group",0.000602,0.000502,0.0001
"Beachfront Media LLC",0.000602,0.000301,0.000301
"Spot.IM",0.000602,0.000602,0
"Wistia",0.000602,0.000401,0.000201
"CatchPoint Systems Inc",0.000602,0.000502,0.0001
"Adnami ApS",0.000602,0.000602,0
"rapidmail GmbH",0.000602,0,0.000602
"Urban Airship, Inc.",0.000602,0.000401,0.000201
"Verizon",0.000602,0.000401,0.000201
"Riot Games, Inc.",0.000602,0.000401,0.000201
"Liquid New Media Limited",0.000602,0.000502,0.0001
"Hybrid Adtech, Inc.",0.000602,0,0.000602
"Buzzoola Inc.",0.000602,0.000301,0.000301
"The Washington Post",0.000602,0,0.000602
"Split Software, Inc.",0.000602,0,0.000602
"Spotify AB",0.000602,0.000502,0.0001
"Admedo",0.000602,0.000502,0.0001
"Otto (GmbH & Co KG)",0.000602,0,0.000602
"usd AG",0.000602,0,0.000602
"Podsights",0.000602,0.000602,0
"CleverDATA LLC",0.000602,0.000602,0
"Inmar, Inc.",0.000602,0.000401,0.000201
"Movable Ink",0.000602,0.000502,0.0001
"Admeira Broadcast AG",0.000602,0.000602,0
"Psyma Group AG",0.000602,0,0.000602
"Pusher Ltd",0.000602,0.000201,0.000401
"ZOHO Corporation",0.000602,0.000502,0.0001
"DigiCert, Inc.",0.000602,0.000201,0.000401
"Sabin, Bermant & Gould LLP",0.000502,0.000502,0
"GP One GmbH",0.000502,0.000502,0
"Adzerk",0.000502,0.000201,0.000301
"Guuru",0.000502,0.000502,0
"Embed.ly Inc",0.000502,0,0.000502
"Environmental Systems Research Institute, Inc.",0.000502,0.0001,0.000401
"Kakao Corp.",0.000502,0.000502,0
"ALZ Software Limited",0.000502,0.000401,0.0001
"SFBX SAS",0.000502,0.000502,0
"4INFO, Inc.",0.000502,0.000502,0
"OneSoon Ltd",0.000502,0.000502,0
"Knorex Pte. Ltd.",0.000502,0.000401,0.0001
"U.S. General Services Administration",0.000502,0,0.000502
"smartclip Europe GmbH",0.000502,0.000401,0.0001
"News Limited",0.000502,0.000502,0
"Rambler Internet Holding, LLC",0.000502,0.000201,0.000301
"Wondershare Technology Co., Ltd.",0.000502,0.000502,0
"SolarWinds Worldwide, LLC",0.000502,0,0.000502
"CHIP Digital Gmbh",0.000502,0.000401,0.0001
"G-Core Innovations S.a.r.l",0.000502,0.000201,0.000301
"Pro Sportority (Israel) Ltd",0.000502,0.000401,0.0001
"Near Pte. Ltd.",0.000502,0.0001,0.000401
"Sharpspring Inc",0.000502,0.000401,0.0001
"Navegg S.A.",0.000502,0.000201,0.000301
"Quality Nonsense Ltd",0.000502,0,0.000502
"N.Rich Technologies",0.000502,0.000401,0.0001
"Apester Ltd.",0.000502,0.000502,0
"United Internet AG",0.000502,0.000502,0
"Affinity",0.000502,0.000401,0.0001
"RuTarget LLC",0.000502,0.000401,0.0001
"ZAM Network",0.000502,0.000502,0
"Novomind AG",0.000502,0.000401,0.0001
"PathDefender",0.000502,0.000401,0.0001
"ironSource Ltd",0.000502,0.0001,0.000401
"Die Socialisten Social Software Development GmbH",0.000502,0.000502,0
"Zoom Information, Inc.",0.000502,0.000502,0
"BlueConic, Inc.",0.000502,0.000502,0
"AppsFlyer",0.000502,0.000502,0
"Assertive Yield B.V.",0.000502,0.000502,0
"Solvvy",0.000502,0.000502,0
"ClickTale Ltd",0.000502,0.000502,0
"Aidata",0.000502,0.000502,0
"Tactics Network, LLC",0.000502,0.000502,0
"Telegram Messenger LLP",0.000502,0.000301,0.000201
"adfocus GmbH",0.000502,0.000401,0.0001
"Springer Nature B.V.",0.000502,0.000301,0.000201
"marmalade GmbH",0.000502,0.000301,0.000201
"Admixer Technologies",0.000502,0.000301,0.000201
"Wuhan Jiyi Network Technology Co., Ltd.",0.000502,0.000502,0
"Bertelsmann Stifung",0.000502,0.0001,0.000401
"Online Solution Int Ltd",0.000502,0.000301,0.000201
"Ringier Axel Springer Media AG",0.000502,0.000502,0
"Resonate Networks",0.000502,0,0.000502
"RevJet",0.000502,0.000502,0
"LTD Sape",0.000502,0.000502,0
"Cisco Systems, Inc.",0.000502,0.000502,0
"BS PAYONE GmbH",0.000502,0,0.000502
"Timzon, LLC",0.000502,0,0.000502
"Online Media Solutions Ltd. dba Brightcom",0.000502,0.0001,0.000401
"Clicktripz",0.000502,0.000401,0.0001
"Undertone Networks",0.000502,0.000301,0.000201
"Jobware GmbH",0.000502,0,0.000502
"Ko-Fi Labs Limited",0.000401,0,0.000401
"ScientiaMobile, Inc.",0.000401,0,0.000401
"Perform Media Services Ltd",0.000401,0.000301,0.0001
"WizRocket Inc.",0.000401,0,0.000401
"DMM.com Co.,Ltd",0.000401,0.000201,0.000201
"GEORIOT",0.000401,0,0.000401
"A Medium Corporation",0.000401,0.000301,0.0001
"Highsoft AS",0.000401,0.000401,0
"EPiServer AB",0.000401,0.000401,0
"Mozilla Foundation",0.000401,0,0.000401
"Deutsche Telekom AG",0.000401,0.000301,0.0001
"fluct,Inc.",0.000401,0,0.000401
"Imperva Inc.",0.000401,0.000401,0
"Jake Brumby",0.000401,0.000201,0.000201
"ONEALL SARL",0.000401,0.000401,0
"Sublime Skinz Labs",0.000401,0.000401,0
"Bliss Point Media",0.000401,0,0.000401
"Signifyd Inc.",0.000401,0.000401,0
"Inspectlet",0.000401,0.000401,0
"Kaltura Inc",0.000401,0.000301,0.0001
"Issuu ApS",0.000401,0.0001,0.000301
"FUNKE Corporate IT GmbH",0.000401,0.0001,0.000301
"Web Geo Services",0.000401,0.000201,0.000201
"Landesoberbeoerde IT Baden-Wuerttemberg (BITBW)",0.000401,0.000401,0
"APIHub, Inc.",0.000401,0,0.000401
"Renegade Internet, Inc.",0.000401,0.000401,0
"Lucky Orange LLC",0.000401,0.0001,0.000301
"Insticator",0.000401,0.0001,0.000301
"James Robinson",0.000401,0,0.000401
"Project Blinkenlights",0.000401,0.000201,0.000201
"Intent IQ, LLC",0.000401,0.000401,0
"Qualaroo",0.000401,0.000301,0.0001
"TUDO GOSTOSO INTERNET LTDA",0.000401,0.000201,0.000201
"ecpm",0.000401,0.000401,0
"Mailjet SAS",0.000401,0.000401,0
"Vidazoo Ltd",0.000401,0.0001,0.000301
"GetYourGuide AG",0.000401,0.000401,0
"schnee von morgen webTV GmbH",0.000401,0.000301,0.0001
"Arbitrage LLC",0.000401,0.000401,0
"Uploadcare, LLC",0.000401,0.000201,0.000201
"eGain Corporation",0.000401,0.000401,0
"LLC AmberData",0.000401,0.000401,0
"plista GmbH",0.000401,0.000301,0.0001
"IMEDIAPP SA",0.000401,0.000301,0.0001
"RevContent, LLC",0.000401,0.000401,0
"VISIOLINK ApS",0.000401,0,0.000401
"Mobile TeleSystems Public Joint Stock Company",0.000401,0.000401,0
"SaaS.group LLC",0.000401,0.000201,0.000201
"FriendFinder Networks Inc.",0.000401,0.000401,0
"SMARTSTREAM.TV GmbH",0.000401,0.000301,0.0001
"USI Technologies, Inc.",0.000401,0.000301,0.0001
"Stayble Market GmbH",0.000401,0.000401,0
"Limelight Networks, Inc.",0.000401,0,0.000401
"ICONY GmbH",0.000401,0,0.000401
"RichRelevance",0.000401,0.000201,0.000201
"FactSet Digital Solutions GmbH",0.000401,0,0.000401
"Decibel Insight Ltd",0.000401,0.000301,0.0001
"Blue Triangle Technologies",0.000401,0.000401,0
"Jivox Corp",0.000401,0.000401,0
"movingimage EVP GmbH",0.000401,0.000401,0
"Transcend, Inc.",0.000401,0.000401,0
"Exit Bee",0.000401,0.000401,0
"ProSiebenSat.1 Digital GmbH",0.000401,0.000401,0
"Survicate Sp. z o.o.",0.000401,0.000401,0
"Jimdo GmbH",0.000401,0.000401,0
"VGL Verlagsgesellschaft mbH",0.000401,0.000201,0.000201
"4Cite Marketing",0.000401,0.000401,0
"Claritas LLC",0.000401,0.000401,0
"Selligent",0.000401,0.000401,0
"Bloomreach, Inc.",0.000401,0.000401,0
"Relay42 Technology B.V.",0.000401,0.000401,0
"Consumable, Inc.",0.000401,0.0001,0.000301
"Data Plus Math",0.000401,0.000401,0
"One Media Ltd",0.000301,0.000301,0
"District M Inc.",0.000301,0.000201,0.0001
"Chatango LLC.",0.000301,0.000301,0
"Throtle",0.000301,0,0.000301
"congstar GmbH",0.000301,0.000201,0.0001
"Crisp IM SARL",0.000301,0.000301,0
"c2b s.a.",0.000301,0.000201,0.0001
"Intimate Merger, Inc.",0.000301,0.000201,0.0001
"EISYS,Inc.",0.000301,0,0.000301
"Refsnes Data",0.000301,0,0.000301
"ImageKit Private Limited",0.000301,0,0.000301
"OSOBNOSTI.cz, s.r.o.",0.000301,0.000201,0.0001
"LogMeIn, Inc.",0.000301,0.000301,0
"Pixalate, Inc.",0.000301,0.000301,0
"Digital East GmbH",0.000301,0.000201,0.0001
"Duration Media LLC",0.000301,0,0.000301
"Ano Nymous",0.000301,0.000201,0.0001
"Shareasale.com",0.000301,0.0001,0.000201
"Spacefoot SAS",0.000301,0.000301,0
"Discovery Communications Europe Limited",0.000301,0,0.000301
"Sojern, Inc.",0.000301,0.000301,0
"MoEngage, Inc.",0.000301,0.000301,0
"MarketCast LLC",0.000301,0,0.000301
"The Trustico Group Ltd",0.000301,0,0.000301
"DCN",0.000301,0,0.000301
"FOCUS Online Group GmbH",0.000301,0,0.000301
"Canva Pty Ltd",0.000301,0.000201,0.0001
"Associated Newspapers Limited",0.000301,0.0001,0.000201
"Times Internet Ltd",0.000301,0.000301,0
"Healthline",0.000301,0.000201,0.0001
"CallRail, Inc.",0.000301,0,0.000301
"Linguatec GmbH",0.000301,0.0001,0.000201
"BritePool",0.000301,0,0.000301
"G+J Electronic Media Sales GmbH",0.000301,0,0.000301
"ucfunnel Co., Ltd.",0.000301,0.0001,0.000201
"About You GmbH",0.000301,0.000301,0
"TV SPIELFILM Verlag GmbH",0.000301,0.0001,0.000201
"Shogun Labs, Inc.",0.000301,0.000301,0
"Peaberry Software Inc.",0.000301,0.000301,0
"Boxine GmbH",0.000301,0,0.000301
"AVPlayer",0.000301,0.000301,0
"JORDAN CLIST",0.000301,0,0.000301
"Bidtellect, Inc",0.000301,0.0001,0.000201
"It Concepts",0.000301,0,0.000301
"Alibaba Group",0.000301,0.0001,0.000201
"Convert Insights Inc",0.000301,0.000301,0
"Sooqr",0.000301,0.000301,0
"SSL Corporation",0.000301,0.0001,0.000201
"apilayer GmbH",0.000301,0,0.000301
"IT-Recht Kanzlei",0.000301,0,0.000301
"Squarespace, Inc",0.000301,0.000201,0.0001
"Medianova Internet Hizmetleri A.S.",0.000301,0,0.000301
"WonderPush",0.000301,0.0001,0.000201
"Starfield Technologies, LLC",0.000301,0.000201,0.0001
"Clicksco FZ",0.000301,0.000301,0
"Partnerize",0.000301,0.000301,0
"MySpace LLC",0.000301,0,0.000301
"StepStone GmbH",0.000301,0.000301,0
"AdTheorent Inc",0.000301,0,0.000301
"The Descartes Systems Group Inc.",0.000301,0,0.000301
"SendPulse Inc",0.000301,0.0001,0.000201
"Digital River, Inc.",0.000301,0.000301,0
"WPEngine, Inc.",0.000301,0,0.000301
"ImgBB",0.000301,0,0.000301
"Acast AB",0.000301,0.000301,0
"PriceSpider (NeuIntel, LLC)",0.000301,0.000301,0
"Pushnami, LLC",0.000301,0.000301,0
"Hola Networks Ltd.",0.000301,0.000301,0
"Arcspire Limited",0.000301,0.000301,0
"Poshibalov Evgeny Vasilyevich",0.000301,0.000301,0
"Bauer Systems KG",0.000301,0.000201,0.0001
"CoreMedia AG",0.000301,0.000301,0
"ForeSee Results, Inc.",0.000301,0.000201,0.0001
"Airbrake Technologies",0.000301,0,0.000301
"Firstlead GmbH",0.000301,0.000301,0
"adrule GmbH",0.000301,0.000301,0
"Viafoura Inc.",0.000301,0.000301,0
"VideoByte, Inc.",0.000301,0.000301,0
"AnyClip Ltd.",0.000301,0.000301,0
"Webklipper Technologies Pvt Ltd",0.000301,0.000301,0
"AdButler",0.000301,0.000201,0.0001
"INOMERA Arge ve Bilişim Hizmetleri A.Ş.",0.000301,0,0.000301
"PR Newswire Association LLC",0.000301,0.000201,0.0001
"raw engineering inc",0.000301,0,0.000301
"thePlatform for Media",0.000301,0.000301,0
"Hotels.com",0.000301,0.000301,0
"Händlerbund Management AG",0.000301,0,0.000301
"SmarterHQ",0.000301,0,0.000301
"wiredminds GmbH",0.000301,0.000301,0
"Markit Group Limited",0.000301,0.000301,0
"webfactory GmbH",0.000301,0.000201,0.0001
"Interwebvertising B.V.",0.000301,0,0.000301
"Thomann GmbH",0.000301,0,0.000301
"Nextdoor, Inc.",0.000301,0.000201,0.0001
"TVSquared",0.000301,0.000301,0
"Dropbox, Inc",0.000301,0.000301,0
"popIn Inc.",0.000301,0.000301,0
"sourcedefense",0.000301,0.000301,0
"IDB, LLC",0.000301,0,0.000301
"Infolink Media LLC",0.000301,0.000301,0
"Shopping24 Gesellschaft fuer multimediale Anwendungen mbH",0.000301,0,0.000301
"Paramount Global",0.000301,0.000301,0
"Research Now Limited",0.000301,0,0.000301
"Amazine GmbH",0.000301,0.000301,0
"Vox Media, Inc.",0.000301,0.000201,0.0001
"feratel media technologies AG",0.000301,0.000201,0.0001
"AddSearch Oy",0.000301,0,0.000301
"LCN.com Ltd",0.000301,0.000301,0
"Internet Corporation for Assigned Names and Numbers",0.000201,0,0.000201
"i-mobile co. LTD",0.000201,0.000201,0
"Südwestdeutsche Medien Holding GmbH",0.000201,0,0.000201
"Immobilien Scout GmbH",0.000201,0,0.000201
"Triton Digital, Inc.",0.000201,0.000201,0
"Barclays PLC",0.000201,0.000201,0
"SCTR Services LLC",0.000201,0,0.000201
"Mountain Digital, Inc.",0.000201,0.0001,0.0001
"ARNOLDO MONDADORI EDITORE SpA",0.000201,0.0001,0.0001
"Wootric",0.000201,0.000201,0
"Sumo Group",0.000201,0.000201,0
"LiquidM Technology GmbH",0.000201,0,0.000201
"CodePen",0.000201,0.000201,0
"Luigi's Box, s.r.o.",0.000201,0.000201,0
"Digital Advertising Consortium Inc.",0.000201,0.000201,0
"MicroAd, Inc.",0.000201,0,0.000201
"Sectigo Limited",0.000201,0,0.000201
"QuBit Digital Ltd",0.000201,0.0001,0.0001
"Vergic AB",0.000201,0.000201,0
"Yext, Inc.",0.000201,0.000201,0
"ChannelAdvisor Corporation",0.000201,0.000201,0
"Crossref",0.000201,0,0.000201
"Auth0, Inc.",0.000201,0.000201,0
"VMware, Inc",0.000201,0.000201,0
"Vdopia Inc.",0.000201,0,0.000201
"Appier",0.000201,0.000201,0
"Shareaholic Inc",0.000201,0.0001,0.0001
"Tremor Video DSP",0.000201,0.000201,0
"Geniee, inc.",0.000201,0,0.000201
"Hatena Co., Ltd.",0.000201,0,0.000201
"Treasure Data, Inc",0.000201,0.000201,0
"Alamy Ltd",0.000201,0.0001,0.0001
"Guardian News & Media Limited",0.000201,0,0.000201
"KNPB MEDIA B.V.",0.000201,0,0.000201
"Würth IT GmbH",0.000201,0.000201,0
"Paradox Interactive AB (publ)",0.000201,0,0.000201
"RUN",0.000201,0,0.000201
"Direct Ferries Limited",0.000201,0.000201,0
"BuzzFeed, Inc.",0.000201,0,0.000201
"Help Scout Inc.",0.000201,0.000201,0
"AOE GmbH",0.000201,0.000201,0
"Canonical, Ltd.",0.000201,0.000201,0
"TRADEMATIC",0.000201,0.000201,0
"Prusa Research s.r.o.",0.000201,0,0.000201
"NOLIS GmbH",0.000201,0.0001,0.0001
"MedTargetSystem",0.000201,0.000201,0
"Aurea Software",0.000201,0.000201,0
"Omnisend, UAB",0.000201,0.000201,0
"Suedwestrundfunk Anstalt des oeffentlichen Rechts",0.000201,0.000201,0
"GoDaddy Inc.",0.000201,0.000201,0
"detik.com",0.000201,0.000201,0
"Alchemy Advertising Pvt. Ltd.",0.000201,0.000201,0
"Adloox SAS",0.000201,0.000201,0
"Petaxon Informática Ltda",0.000201,0,0.000201
"Innity Sdn Bhd",0.000201,0.000201,0
"Ada Support Inc.",0.000201,0.000201,0
"Prizgo",0.000201,0.000201,0
"POWR Inc.",0.000201,0.000201,0
"Juspay Technologies Pvt. Ltd.",0.000201,0,0.000201
"Dianomi Ltd",0.000201,0.0001,0.0001
"Enreach Solutions Oy",0.000201,0.000201,0
"ConfigCat Service and Development Limited Liability Company",0.000201,0,0.000201
"Grizzly New Technologies GmbH",0.000201,0.000201,0
"UserVoice, Inc.",0.000201,0.000201,0
"SPIEGEL ONLINE GmbH & Co. KG",0.000201,0.0001,0.0001
"Internet Billboard a.s.",0.000201,0,0.000201
"GrowSumo Inc.",0.000201,0,0.000201
"Avenue 81, Inc.",0.000201,0.000201,0
"DB Vertrieb GmbH",0.000201,0.000201,0
"ConvertKit LLC",0.000201,0.000201,0
"solute GmbH",0.000201,0,0.000201
"Booking.com B.V.",0.000201,0.0001,0.0001
"Grand Slam Media Inc",0.000201,0,0.000201
"COMPUTER BILD Digital GmbH",0.000201,0.000201,0
"So-net Media Networks Corporation.",0.000201,0.000201,0
"Giphy LLC",0.000201,0,0.000201
"Valassis Digital",0.000201,0.000201,0
"communicationAds GmbH & Co. KG",0.000201,0.0001,0.0001
"CivicScience, Inc",0.000201,0.0001,0.0001
"Lytics",0.000201,0.000201,0
"APA-Austria Presse Agentur eG",0.000201,0,0.000201
"UbiSoft Entertainment",0.000201,0.000201,0
"PowerReviews, Inc.",0.000201,0.000201,0
"AudioEye, Inc.",0.000201,0.0001,0.0001
"YOC AG",0.000201,0.0001,0.0001
"Betgenius Limited",0.000201,0.000201,0
"The Walt Disney Company",0.000201,0,0.000201
"Comcast Corporation",0.000201,0.0001,0.0001
"Mesh Digital Ltd",0.000201,0.0001,0.0001
"Mux, Inc.",0.000201,0.0001,0.0001
"Admeen B.V.",0.000201,0.000201,0
"Ogury Limited",0.000201,0,0.000201
"Vidyard",0.000201,0.000201,0
"42 Ads GmbH",0.000201,0.000201,0
"PushPushGo Sp. z o. o.",0.000201,0.000201,0
"SwissSign AG",0.000201,0.000201,0
"Supply Frame, Inc.",0.000201,0.000201,0
"CyberAgent, Inc.",0.000201,0.000201,0
"Acquia, Inc",0.000201,0.000201,0
"AdDefend GmbH",0.000201,0.0001,0.0001
"KUPONA GmbH",0.000201,0,0.000201
"Sony Corporation",0.000201,0,0.000201
"Open Source Geospatial Foundation",0.000201,0.0001,0.0001
"Ravi Trivedi",0.000201,0.000201,0
"Bayerischer Rundfunk",0.000201,0.0001,0.0001
"Westdeutscher Rundfunk Köln",0.000201,0.0001,0.0001
"Kibo Software, Inc.",0.000201,0.0001,0.0001
"The Ozone Project",0.000201,0.000201,0
"bergfex GmbH",0.000201,0.000201,0
"Informationstechnikzentrum Bund (ITZBund)",0.000201,0.000201,0
"Emego GmbH",0.000201,0.0001,0.0001
"Bezirksregierung Koeln",0.000201,0.0001,0.0001
"Robert Bosch GmbH",0.000201,0.000201,0
"Gracenote",0.000201,0,0.000201
"Extole",0.000201,0.0001,0.0001
"Seattle Technology",0.000201,0,0.000201
"Honeybadger Industries",0.000201,0,0.000201
"WebShop Marketing Kft.",0.000201,0.000201,0
"Conductrics",0.000201,0.000201,0
"Reset Digital LLC",0.000201,0.000201,0
"Reach plc",0.000201,0.0001,0.0001
"Trustwave Holdings, Inc.",0.000201,0,0.000201
"Digi-Key Corporation",0.000201,0.000201,0
"dm-drogerie markt GmbH + Co. KG",0.000201,0,0.000201
"Passauer Neue Presse GmbH",0.000201,0,0.000201
"VRM Digital GmbH",0.000201,0.000201,0
"AppendAd LTD",0.000201,0.000201,0
"Dynamic 1001 GmbH",0.000201,0.000201,0
"GetResponse sp. z o.o.",0.000201,0.000201,0
"Postcode Anywhere",0.000201,0,0.000201
"MHS Digital GmbH",0.000201,0.000201,0
"CTS Eventim AG & Co. KGaA",0.000201,0.000201,0
"Glassbox Ltd.",0.000201,0.000201,0
"TripAdvisor LLC",0.000201,0.0001,0.0001
"nazwa.pl sp. z o.o.",0.000201,0.000201,0
"ZypMedia, Inc.",0.000201,0.000201,0
"HERE Global BV",0.000201,0.000201,0
"Haendlerbund Management AG",0.000201,0,0.000201
"C3 Metrics, Inc.",0.000201,0.000201,0
"Fiat Chrysler Automobiles",0.000201,0.000201,0
"gutefrage.net GmbH",0.000201,0,0.000201
"Minute Spoteam Ltd.",0.000201,0.000201,0
"Naver Corporation",0.000201,0.0001,0.0001
"FlixMobility GmbH",0.000201,0.000201,0
"Refersion, Inc.",0.000201,0.000201,0
"Ravana, LLC",0.000201,0,0.000201
"Publitas.com B.V.",0.000201,0,0.000201
"Benhauer sp. z o.o.",0.000201,0.000201,0
"Michael Browitt",0.000201,0.000201,0
"Dogan Internet Yayinciligi ve Yatirim A.S.",0.000201,0.000201,0
"Telerik EAD",0.000201,0.000201,0
"Radiant Media Player EURL",0.000201,0.0001,0.0001
"Colossus Media, LLC",0.000201,0,0.000201
"KONINKLIJKE LUCHTVAART MAATSCHAPPIJ N.V.",0.000201,0.000201,0
"REWE Digital GmbH",0.000201,0,0.000201
"Bravonext S.A.",0.000201,0.000201,0
"Flipp Corp.",0.000201,0.000201,0
"Report-URI Ltd.",0.000201,0.000201,0
"Aktiengesellschaft für digitale Kommunikation",0.000201,0.000201,0
"Yieldify",0.000201,0.0001,0.0001
"Sumo Logic Inc.",0.000201,0.000201,0
"Permodo International GmbH",0.000201,0,0.000201
"Pickaxe LLC",0.000201,0.000201,0
"Kenshoo TLD",0.000201,0,0.000201
"Rockerbox, Inc.",0.000201,0.000201,0
"E-Diary Pty Ltd",0.000201,0.000201,0
"PETA Foundation",0.000201,0.000201,0
"Sanvitos Consolidated Ltd",0.000201,0.000201,0
"Entravision Communications Corporation",0.000201,0.000201,0
"Alliance for Audited Media",0.000201,0.0001,0.0001
"PAGELY, INC",0.000201,0.000201,0
"Sagan Systems, Inc.",0.000201,0.000201,0
"Woopra, Inc.",0.000201,0.000201,0
"F5 Networks Inc",0.000201,0.0001,0.0001
"Townsquare Media",0.000201,0.000201,0
"Gruner + Jahr GmbH & Co KG",0.000201,0,0.000201
"arejo GmbH",0.000201,0.000201,0
"Zalando SE",0.000201,0.000201,0
"Scholarly iQ",0.0001,0.0001,0
"Monumetric (The Blogger Network, LLC)",0.0001,0.0001,0
"ACCOR SA",0.0001,0.0001,0
"Presse- und Informationsamt der Bundesregierung (BPA)",0.0001,0,0.0001
"Underdog Media LLC",0.0001,0.0001,0
"AOK Bundesverband",0.0001,0.0001,0
"ASANA",0.0001,0,0.0001
"Polar",0.0001,0.0001,0
"Stadt Augsburg",0.0001,0,0.0001
"asgoodasnew electronics GmbH",0.0001,0,0.0001
"Olark",0.0001,0.0001,0
"Klevu Oy",0.0001,0.0001,0
"Keywee",0.0001,0.0001,0
"Saambaa LLC",0.0001,0.0001,0
"esome advertising technologies GmbH",0.0001,0,0.0001
"TURTL SURF & IMMERSE",0.0001,0,0.0001
"Saint Bitts LLC",0.0001,0.0001,0
"Lesson Nine GmbH",0.0001,0,0.0001
"ZeBestOf",0.0001,0,0.0001
"GeneaNet SA",0.0001,0.0001,0
"PTMIND INC.",0.0001,0,0.0001
"Shashank Kumar",0.0001,0.0001,0
"Swym Corporation",0.0001,0,0.0001
"Wirtualna Polska",0.0001,0,0.0001
"Freecaster SPRL",0.0001,0,0.0001
"Beijing Sumi Times Technology Co., Ltd.",0.0001,0,0.0001
"nicolas hammer",0.0001,0,0.0001
"Wikihow Inc.",0.0001,0,0.0001
"Norsk Helseinformatikk AS",0.0001,0,0.0001
"Mobius Solutions",0.0001,0.0001,0
"Read the Docs, Inc",0.0001,0,0.0001
"SatisMeter",0.0001,0.0001,0
"Evolution Technologies INC.",0.0001,0,0.0001
"Affirm Holdings, Inc.",0.0001,0.0001,0
"Eksi Teknoloji",0.0001,0.0001,0
"Webrazzi",0.0001,0.0001,0
"Crenvo Bilisim Danismanlik Reklam ve Tic. A.S.",0.0001,0,0.0001
"Stadt Nuernberg",0.0001,0.0001,0
"Hearst Communications",0.0001,0,0.0001
"WEBBIZ d.o.o.",0.0001,0,0.0001
"Fandom, Inc.",0.0001,0,0.0001
"Shoprex",0.0001,0,0.0001
"Computec Media GmbH",0.0001,0,0.0001
"Conde Nast Publications Inc.",0.0001,0,0.0001
"Wolters Kluwer Deutschland GmbH",0.0001,0,0.0001
"InvestingChannel, Inc.",0.0001,0.0001,0
"TI Media",0.0001,0,0.0001
"Eris Networks SAS",0.0001,0,0.0001
"Game8,Inc.",0.0001,0,0.0001
"3DNA Corp",0.0001,0.0001,0
"Gearslutz.com LTD",0.0001,0,0.0001
"Keen.io LLC",0.0001,0,0.0001
"Preisvergleich Internet Services AG",0.0001,0.0001,0
"Vertigo Studio SRL",0.0001,0.0001,0
"Gumroad, Inc.",0.0001,0.0001,0
"hentaicdn.com",0.0001,0.0001,0
"Shutterstock Inc.",0.0001,0,0.0001
"Hermes Germany GmbH",0.0001,0,0.0001
"Naabo Solutions Pvt. Ltd.",0.0001,0,0.0001
"Flo Health, Inc.",0.0001,0,0.0001
"Johnson & Johnson",0.0001,0,0.0001
"Arcamax Publishing, Inc.",0.0001,0.0001,0
"Deutsche Bahn AG",0.0001,0.0001,0
"Kevin Ma",0.0001,0,0.0001
"Snapsort Inc.",0.0001,0.0001,0
"Green Venture LLC",0.0001,0.0001,0
"FreakOut Holdings, inc.",0.0001,0.0001,0
"Literally.Media",0.0001,0.0001,0
"Freshworks Inc",0.0001,0,0.0001
"Ghost Foundation",0.0001,0,0.0001
"GameAnalytics ApS",0.0001,0,0.0001
"Vodafone Group Services Limited",0.0001,0.0001,0
"Plesk",0.0001,0.0001,0
"LLC Sportivnye novosti",0.0001,0,0.0001
"F@N Communications, Inc",0.0001,0,0.0001
"AdSpyglass",0.0001,0.0001,0
"SalesLoft",0.0001,0.0001,0
"Dun & Bradstreet, Inc.",0.0001,0.0001,0
"finanzen.net GmbH",0.0001,0,0.0001
"Freistaat Bayern",0.0001,0.0001,0
"Drugsite Limited",0.0001,0,0.0001
"Painassist Inc",0.0001,0,0.0001
"Mayo Foundation for Medical Education and Research",0.0001,0,0.0001
"HealthDirect Australia",0.0001,0,0.0001
"UNC Health Care",0.0001,0,0.0001
"Wirewax LTD",0.0001,0,0.0001
"Wengo",0.0001,0,0.0001
"WENGO SAS",0.0001,0,0.0001
"Quadran",0.0001,0.0001,0
"Deutsche Bank AG",0.0001,0,0.0001
"MUSESCORE BVBA",0.0001,0,0.0001
"AVM Computersysteme Vertriebs GmbH",0.0001,0.0001,0
"LE PARISIEN",0.0001,0,0.0001
"SOCIETE DU FIGARO",0.0001,0,0.0001
"Walla Communication Ltd.",0.0001,0,0.0001
"AGENZIA ANSA - AGENZIA NAZIONALE STAMPA ASSOCIATA SOC. COOP.",0.0001,0,0.0001
"DREHER ONLINE LTD",0.0001,0,0.0001
"GEOPOST SA",0.0001,0.0001,0
"Trusted Media Brands, Inc",0.0001,0.0001,0
"Berskey LLC",0.0001,0,0.0001
"The Recipe Critic",0.0001,0,0.0001
"Olympic Channel Services SL",0.0001,0,0.0001
"Doctolib",0.0001,0.0001,0
"The Maven Network, Inc",0.0001,0,0.0001
"WalletConnect",0.0001,0,0.0001
"Nvidia Corporation",0.0001,0.0001,0
"NicePeopleAtWork S.L.",0.0001,0,0.0001
"Tiffany Randall",0.0001,0,0.0001
"Red Hat Inc.",0.0001,0.0001,0
"Iterable, Inc.",0.0001,0,0.0001
"Sitelock LLC",0.0001,0.0001,0
"Cash Cow Marketing",0.0001,0.0001,0
"Lantirn Incorporated",0.0001,0,0.0001
"GoInterpay",0.0001,0,0.0001
"R.T.I S.p.A.",0.0001,0,0.0001
"ANO TV-Novosti",0.0001,0.0001,0
"3Q GmbH",0.0001,0,0.0001
"Leaf Group LTD",0.0001,0,0.0001
"France Hardware",0.0001,0.0001,0
"Surecom Corporation N.V.",0.0001,0.0001,0
"Envato Pty Ltd",0.0001,0,0.0001
"Human Security, Inc.",0.0001,0.0001,0
"Shappify",0.0001,0.0001,0
"BIGO TECHNOLOGY PTE. LTD.",0.0001,0,0.0001
"ABXY LLC",0.0001,0,0.0001
"CHECK24 Vergleichsportal GmbH",0.0001,0.0001,0
"Panasonic Corporation",0.0001,0,0.0001
"DeepConverse",0.0001,0.0001,0
"Logitech Inc. SA",0.0001,0,0.0001
"Kustomer, Inc.",0.0001,0,0.0001
"LLC CDN-video",0.0001,0,0.0001
"BrightFunnel",0.0001,0.0001,0
"Terminus",0.0001,0.0001,0
"PJSC MegaFon",0.0001,0.0001,0
"Sberbank of Russia",0.0001,0,0.0001
"Department of Information Technology of Moscow",0.0001,0,0.0001
"Via-Online GmbH",0.0001,0,0.0001
"Fusemachines",0.0001,0,0.0001
"SpokenLayer",0.0001,0.0001,0
"LINE Corporation",0.0001,0.0001,0
"Miranus GmbH",0.0001,0.0001,0
"Kantar Operations",0.0001,0.0001,0
"blogfoster GmbH",0.0001,0,0.0001
"Adverticum Zrt.",0.0001,0.0001,0
"Antillephone Services N.V.",0.0001,0,0.0001
"News UK & Ireland Ltd",0.0001,0.0001,0
"South China Morning Post Publishers Limited",0.0001,0.0001,0
"The Post Publishing Public Company Limited",0.0001,0,0.0001
"West Australian Newspapers Limited",0.0001,0,0.0001
"NYP Holdings, Inc",0.0001,0,0.0001
"INDUSTRY SUPER NETWORK PTY LTD",0.0001,0,0.0001
"Singapore Press Holdings Limited",0.0001,0,0.0001
"National Public Radio, Inc.",0.0001,0,0.0001
"INTER CITY ADS (MALAYSIA) SDN. BHD",0.0001,0.0001,0
"Liberated Syndication",0.0001,0,0.0001
"LockerDome, LLC",0.0001,0,0.0001
"3M Company",0.0001,0,0.0001
"AbeBooks Inc.",0.0001,0.0001,0
"Academia Inc",0.0001,0.0001,0
"Storygize",0.0001,0.0001,0
"Coop Genossenschaft",0.0001,0.0001,0
"finative GmbH",0.0001,0,0.0001
"Allianz Technology SE",0.0001,0.0001,0
"Rovi Corporation",0.0001,0,0.0001
"Macromill, Inc.",0.0001,0,0.0001
"Olympia - Verlag GmbH",0.0001,0,0.0001
"Monsido Inc.",0.0001,0,0.0001
"Bango.net Ltd",0.0001,0,0.0001
"Fashion ID GmbH & Co. KG",0.0001,0.0001,0
"Viewster AG",0.0001,0.0001,0
"appful GmbH",0.0001,0,0.0001
"Cross Pixel Media, Inc.",0.0001,0,0.0001
"Patreon, Inc.",0.0001,0.0001,0
"InvoCube Ltd",0.0001,0.0001,0
"OhYeah, Inc.",0.0001,0,0.0001
"LaterPay GmbH",0.0001,0,0.0001
"Ministry of Culture and Islamic Guidance",0.0001,0,0.0001
"IZENPE S.A.",0.0001,0,0.0001
"University of Houston",0.0001,0.0001,0
"JFG NETWORKS",0.0001,0,0.0001
"Council of Better Business Bureaus",0.0001,0,0.0001
"SecuredTouch Inc.",0.0001,0.0001,0
"Volkswagen Group",0.0001,0.0001,0
"Autodesk, Inc.",0.0001,0.0001,0
"AutoScout24 GmbH",0.0001,0.0001,0
"AutoUncle",0.0001,0.0001,0
"Avast Software s.r.o.",0.0001,0,0.0001
"Printful Inc.",0.0001,0,0.0001
"Babymarkt.de GmbH",0.0001,0.0001,0
"Versandhaus Walz GmbH",0.0001,0,0.0001
"FuPa GmbH",0.0001,0,0.0001
"CardinalCommerce Corporation",0.0001,0.0001,0
"Recurly, Inc.",0.0001,0.0001,0
"Vantiv, LLC",0.0001,0,0.0001
"BenQ Corporation",0.0001,0.0001,0
"Arcade ICT B.V.",0.0001,0,0.0001
"Bergfreunde GmbH",0.0001,0,0.0001
"BeyondWords",0.0001,0,0.0001
"Adafruit Industries LLC",0.0001,0,0.0001
"Adventori",0.0001,0.0001,0
"Connexity, Inc.",0.0001,0,0.0001
"Contact Impact GmbH",0.0001,0.0001,0
"MainADV",0.0001,0,0.0001
"Landeshauptstadt Dresden",0.0001,0.0001,0
"Salem Media Group, Inc.",0.0001,0.0001,0
"Choozle, Inc.",0.0001,0,0.0001
"Cognitiv Corp.",0.0001,0.0001,0
"Cybernet Entertainment LLC",0.0001,0,0.0001
"Uniqodo Limited",0.0001,0.0001,0
"emfluence, llc",0.0001,0.0001,0
"The Font Bureau, Inc.",0.0001,0,0.0001
"Radio Bremen",0.0001,0,0.0001
"International Consolidated Airlines Group S.A.",0.0001,0,0.0001
"Doggybites bvba",0.0001,0.0001,0
"Ninja Tools Inc.",0.0001,0.0001,0
"Restaurant Brands International, Inc.",0.0001,0,0.0001
"BUNTE Entertainment Verlag GmbH",0.0001,0,0.0001
"Findify AB",0.0001,0.0001,0
"Netlantic GmbH",0.0001,0,0.0001
"Surecom Corp NV",0.0001,0,0.0001
"Esperto Ltd",0.0001,0.0001,0
"Widen",0.0001,0,0.0001
"Green Hills",0.0001,0.0001,0
"Tidio Poland Sp. z.o.o.",0.0001,0.0001,0
"PIRIFORM SOFTWARE LIMITED",0.0001,0,0.0001
"ClarityAd",0.0001,0,0.0001
"Hootsuite Inc.",0.0001,0.0001,0
"CEWE Stiftung & Co. KGaA",0.0001,0,0.0001
"User Zoom, Inc.",0.0001,0.0001,0
"PubNub",0.0001,0,0.0001
"Verlag C.H. Beck oHG",0.0001,0,0.0001
"LoginRadius, Inc.",0.0001,0,0.0001
"Smart RTB",0.0001,0.0001,0
"IDG Communictions Media AG",0.0001,0,0.0001
"H & M Hennes & Mauritz AB",0.0001,0.0001,0
"Locl Interactive Inc.",0.0001,0,0.0001
"Elitech Group BV",0.0001,0,0.0001
"Prodductsup Corp",0.0001,0,0.0001
"KOL",0.0001,0.0001,0
"SEAT, S.A.",0.0001,0,0.0001
"BLOGMUSIK",0.0001,0.0001,0
"Wedia",0.0001,0,0.0001
"Listrak",0.0001,0.0001,0
"Digital Science Research Solutions Inc",0.0001,0.0001,0
"OnScroll Limited",0.0001,0,0.0001
"Bluecore Inc.",0.0001,0.0001,0
"Standard Verlagsgesellschaft m.b.H.",0.0001,0.0001,0
"51Degrees.mobi Limited",0.0001,0,0.0001
"RS Internet Pazarlama A.S.",0.0001,0.0001,0
"Bitrix Ltd.",0.0001,0.0001,0
"Studio Eagle Dynamics Ltd",0.0001,0.0001,0
"Soundest Limited",0.0001,0.0001,0
"Accuweather, Inc.",0.0001,0,0.0001
"ESG Edelmetall-Service GmbH & Co. KG",0.0001,0,0.0001
"kasserver.com",0.0001,0,0.0001
"TradeTracker FZ-LLC",0.0001,0,0.0001
"Corsair Memory, Inc",0.0001,0.0001,0
"Heilbronner Stimme GmbH & Co. KG",0.0001,0.0001,0
"Boxever Limited",0.0001,0,0.0001
"P B.V.",0.0001,0.0001,0
"Enterprise Holdings Inc.",0.0001,0.0001,0
"COLBETTE II LTD",0.0001,0,0.0001
"Scribd, Inc.",0.0001,0.0001,0
"DocMorris N.V.",0.0001,0.0001,0
"Steel House, Inc",0.0001,0.0001,0
"Europcar International S.A.S.U",0.0001,0.0001,0
"Deutsches Institut fuer Internationale Paedagogische Forschung",0.0001,0.0001,0
"Falstaff Verlags-Gesellschaft m.b.H",0.0001,0,0.0001
"Secure Live Media, LLC",0.0001,0,0.0001
"Universitat Pompeu Fabra",0.0001,0,0.0001
"Avo Software inc.",0.0001,0.0001,0
"Rating-Widget, Inc.",0.0001,0,0.0001
"spoteam.com",0.0001,0.0001,0
"Interdeal development Ltd",0.0001,0.0001,0
"VIDEOSTEP NV",0.0001,0.0001,0
"Foodient Ltd.",0.0001,0.0001,0
"SAS Institute Inc.",0.0001,0,0.0001
"BrightEdge Technologies Inc.",0.0001,0.0001,0
"DigitalPoint",0.0001,0.0001,0
"fotocommunity GmbH",0.0001,0,0.0001
"Fragrantica Inc",0.0001,0,0.0001
"LiveSport Media Ltd",0.0001,0,0.0001
"bet365 Group Limited",0.0001,0.0001,0
"mobilcom-debitel GmbH",0.0001,0.0001,0
"Sarl Adversport",0.0001,0,0.0001
"Unas Media Productions",0.0001,0,0.0001
"Eckstut Enterprises LLC",0.0001,0.0001,0
"Mindscape Limited",0.0001,0.0001,0
"RealSM Ltd.",0.0001,0,0.0001
"PAYBACK GmbH",0.0001,0.0001,0
"Kitco Metals Inc.",0.0001,0,0.0001
"Shadow Government Statistics",0.0001,0,0.0001
"Searchanise",0.0001,0.0001,0
"Compassion International",0.0001,0,0.0001
"Logos Research Systems, Inc.",0.0001,0.0001,0
"Grohe AG",0.0001,0.0001,0
"BannerFlow AB",0.0001,0.0001,0
"Jako-o Möbel und Spielmittel für die junge Familie GmbH",0.0001,0,0.0001
"YENÝ MEDYA ELEKTRONÝK YAYINCILIK LÝMÝTED ÞÝRKETÝ",0.0001,0.0001,0
"Freie Hansestadt Hamburg,Behörde f.Wirtschaft, Verkehr u. Innov.",0.0001,0,0.0001
"Delivra",0.0001,0.0001,0
"GROCERY DELIVERY E-SERVICES USA INC",0.0001,0.0001,0
"The Hertz Corporation",0.0001,0.0001,0
"Werner Ott & Christian BÃ¤r GbR",0.0001,0,0.0001
"Deutscher Wetterdienst",0.0001,0,0.0001
"Home24 AG",0.0001,0,0.0001
"WRI Nominees Ltd.",0.0001,0,0.0001
"Datatrans AG",0.0001,0,0.0001
"Hotel Reservation Service Robert Ragge GmbH",0.0001,0,0.0001
"Expedia Group, Inc.",0.0001,0.0001,0
"Baumann Antje",0.0001,0,0.0001
"Open Water Development LLC",0.0001,0.0001,0
"Market Data Limited",0.0001,0.0001,0
"Ventiv media",0.0001,0,0.0001
"EMPTY TANK LIMITED",0.0001,0.0001,0
"Rundfunk Berlin-Brandenburg",0.0001,0.0001,0
"Bundesagentur fuer Arbeit",0.0001,0.0001,0
"GN Store Nord A/S",0.0001,0.0001,0
"大北欧通讯设备贸易（上海）有限公司",0.0001,0.0001,0
"Gabia C&S",0.0001,0.0001,0
"DIGITAL BUSINESS INTELLIGENCE",0.0001,0.0001,0
"Dheera Media",0.0001,0,0.0001
"Ecwid, Inc",0.0001,0.0001,0
"AWEBER SYSTEMS, INC.",0.0001,0.0001,0
"Kickstartr LLC",0.0001,0,0.0001
"W SAS",0.0001,0,0.0001
"Nieme Beheer B.V.",0.0001,0.0001,0
"openPetition gGmbH",0.0001,0.0001,0
"SitePark GmbH",0.0001,0.0001,0
"ra-online GmbH",0.0001,0.0001,0
"Kotte & Zeller GmbH",0.0001,0,0.0001
"Obshchestvo s ogranichennoj otvetstvennostyu Internet Kholding E-generator",0.0001,0.0001,0
"LLC SMI2",0.0001,0.0001,0
"Perfect Sense Operations",0.0001,0.0001,0
"GetGo, Inc.",0.0001,0.0001,0
"CCM BENCHMARK GROUP",0.0001,0.0001,0
"ID.fr",0.0001,0.0001,0
"Namogoo",0.0001,0.0001,0
"Park taejoon",0.0001,0,0.0001
"The Absolut Company AB",0.0001,0.0001,0
"4strokemedia",0.0001,0.0001,0
"Ludwig-Maximilians-Universitaet Muenchen",0.0001,0.0001,0
"Tagular Analytics, LLC",0.0001,0.0001,0
"Fomo",0.0001,0.0001,0
"OtherLevels Inc",0.0001,0.0001,0
"Ultimate Guitar USA LLC",0.0001,0,0.0001
"Flowplayer AB",0.0001,0,0.0001
"AntVoice",0.0001,0.0001,0
"NIC.UA LLC",0.0001,0,0.0001
"Colibri SAS",0.0001,0.0001,0
"EDITORIAL PRENSA ASTURIANA SA",0.0001,0,0.0001
"Marriott International Inc.",0.0001,0.0001,0
"SHOPMACHER eCommerce GmbH Co. KG",0.0001,0,0.0001
"Mazda Motor Logistics Europe NV",0.0001,0.0001,0
"Mitteldeutscher Rundfunk",0.0001,0,0.0001
"WebMD, LLC",0.0001,0.0001,0
"OptimiWay Ltd",0.0001,0,0.0001
"Daimler AG",0.0001,0.0001,0
"Thunderhead.com Limited",0.0001,0,0.0001
"Medizinische Hochschule Hannover",0.0001,0,0.0001
"Hurriyet Gazetecilik veMatbaacýlýk A.Þ.",0.0001,0,0.0001
"Deutsche Kreditbank Aktiengesellschaft",0.0001,0,0.0001
"Vee24",0.0001,0,0.0001
"Adevinta ASA",0.0001,0.0001,0
"Motorola Mobility LLC",0.0001,0,0.0001
"NHN Entertainment co.,ltd",0.0001,0,0.0001
"Flughafen Muenchen GmbH",0.0001,0.0001,0
"ValueCommerce Co., Ltd.",0.0001,0.0001,0
"SmartNews, Inc.",0.0001,0.0001,0
"Yozo, Kaneko",0.0001,0,0.0001
"GMO AD Marketing Inc.",0.0001,0,0.0001
"SPARWELT GmbH",0.0001,0,0.0001
"Lotto24 AG",0.0001,0,0.0001
"BSH Hausgeräte GmbH",0.0001,0,0.0001
"Lokku Ltd.",0.0001,0.0001,0
"Graphinium",0.0001,0,0.0001
"Forensiq",0.0001,0.0001,0
"IgnitionOne, LLC",0.0001,0,0.0001
"BAMTECH, LLC",0.0001,0.0001,0
"OeBB-Business Competence Center GmbH",0.0001,0.0001,0
"the Meteo Company BV",0.0001,0.0001,0
"Nissan Motor Co., Ltd.",0.0001,0.0001,0
"News Corp Australia Pty Limited",0.0001,0,0.0001
"Vidora, Inc.",0.0001,0.0001,0
"Splunk, Inc.",0.0001,0,0.0001
"Mailkit",0.0001,0.0001,0
"Olympus Corporation",0.0001,0,0.0001
"Friendbuy",0.0001,0,0.0001
"Optimize LLC",0.0001,0.0001,0
"W3C",0.0001,0.0001,0
"OpenTable, Inc.",0.0001,0.0001,0
"ORION Versand GmbH & Co. KG",0.0001,0.0001,0
"OSRAM GmbH",0.0001,0,0.0001
"Thalia Buecher GmbH",0.0001,0.0001,0
"OVH SAS.",0.0001,0,0.0001
"Corel Corporation",0.0001,0.0001,0
"MINITOOL SOLUTION LTD",0.0001,0,0.0001
"Pantheon Systems, Inc.",0.0001,0,0.0001
"Proxena GmbH",0.0001,0.0001,0
"Deutsche Post AG",0.0001,0.0001,0
"DCMN GmbH",0.0001,0.0001,0
"SuperAwesome Trading Limited",0.0001,0,0.0001
"Paddle.com Market Ltd",0.0001,0.0001,0
"News Aktuell GmbH",0.0001,0,0.0001
"Typeform S.L.",0.0001,0.0001,0
"MyHammer AG",0.0001,0,0.0001
"Refinery29",0.0001,0,0.0001
"CTS EVENTIM Solutions GmbH",0.0001,0,0.0001
"Delticom AG",0.0001,0.0001,0
"Elemedia S.p.A.",0.0001,0.0001,0
"Market Connect",0.0001,0.0001,0
"The Globe and Mail Inc.",0.0001,0.0001,0
"myTaste Operations AB",0.0001,0,0.0001
"Tamedia AG",0.0001,0.0001,0
"Arkose Labs, Inc.",0.0001,0.0001,0
"Peerius Ltd",0.0001,0.0001,0
"TomTom International BV",0.0001,0.0001,0
"adidas AG",0.0001,0,0.0001
"ärzte.de MediService GmbH & Co. KG",0.0001,0,0.0001
"jameda GmbH",0.0001,0.0001,0
"AAAS",0.0001,0.0001,0
"Swaen-Advies",0.0001,0.0001,0
"SCHNEIDER ELECTRIC INDUSTRIES SAS",0.0001,0.0001,0
"SECRET ESCAPES LIMITED",0.0001,0.0001,0
"VNR Verlag fuer die Deutsche Wirtschaft AG",0.0001,0.0001,0
"Vogel Communications Group GmbH & Co. KG",0.0001,0.0001,0
"Live Nation Entertainment",0.0001,0.0001,0
"Weebly, Inc.",0.0001,0.0001,0
"Mountain News Corp",0.0001,0.0001,0
"SKODA AUTO a.s.",0.0001,0.0001,0
"Shell International Petroleum Company Limited",0.0001,0.0001,0
"SK Acquisition Ltd.",0.0001,0.0001,0
"Adjust GmbH",0.0001,0.0001,0
"Sport-Tiedje GmbH",0.0001,0,0.0001
"sprd.net AG",0.0001,0.0001,0
"TechTarget, Inc.",0.0001,0.0001,0
"giosg.com Ltd.",0.0001,0.0001,0
"StarOfService SAS",0.0001,0.0001,0
"plus Media GmbH",0.0001,0.0001,0
"cloudinfra",0.0001,0.0001,0
"JBWG",0.0001,0.0001,0
"Symptoma GmbH",0.0001,0.0001,0
"Europeenne de Traitement de l'Information SAS",0.0001,0.0001,0
"Weltbild GmbH & Co. KG",0.0001,0,0.0001
"Net Reviews SAS",0.0001,0.0001,0
"THRON SPA",0.0001,0,0.0001
"Metrilo LTD",0.0001,0.0001,0
"Robert Pavlick",0.0001,0,0.0001
"SARJ, LLC",0.0001,0,0.0001
"Traffic Roots",0.0001,0.0001,0
"Tiffany and Co",0.0001,0,0.0001
"Time and Date AS",0.0001,0,0.0001
"Tipp24 Services Ltd",0.0001,0,0.0001
"RCE Medien GmbH u. Co. KG",0.0001,0,0.0001
"VF Corporation",0.0001,0,0.0001
"Tipico Co. Ltd.",0.0001,0,0.0001
"Fox Corporation",0.0001,0.0001,0
"Queryly LLC",0.0001,0,0.0001
"Elevio Pty Ltd",0.0001,0.0001,0
"Transfermarkt GmbH & Co. KG",0.0001,0,0.0001
"Bremer Tageszeitungen AG",0.0001,0,0.0001
"Triodos Bank N.V.",0.0001,0.0001,0
"trivago N.V.",0.0001,0.0001,0
"New Media Online GmbH",0.0001,0.0001,0
"Pixlee TurnTo, Inc.",0.0001,0.0001,0
"Technische Universitaet Dresden",0.0001,0.0001,0
"Universitaet Leipzig",0.0001,0.0001,0
"Fit Analytics GmbH",0.0001,0.0001,0
"TouchCommerce, Inc",0.0001,0.0001,0
"Wix.com, Inc.",0.0001,0.0001,0
"Trengo",0.0001,0.0001,0
"Technische Universitaet Berlin",0.0001,0.0001,0
"Compagnie Generale des Etablissements Michelin",0.0001,0,0.0001
"Victron Energy BV",0.0001,0,0.0001
"New Times Media, LLC",0.0001,0.0001,0
"Postcode Anywhere (Europe) Ltd",0.0001,0,0.0001
"VINTED LIMITED",0.0001,0.0001,0
"Vinted UAB",0.0001,0,0.0001
"Simpleview LLC",0.0001,0,0.0001
"Cimpress Schweiz GmbH",0.0001,0.0001,0
"HulkApps Inc.",0.0001,0,0.0001
"Aller Media e.K.",0.0001,0.0001,0
"Clinch Labs ltd",0.0001,0.0001,0
"Jolaf IT-Service",0.0001,0,0.0001
"CFI Group",0.0001,0.0001,0
"LMnext UK Limited",0.0001,0.0001,0
"AcuityAds",0.0001,0.0001,0
"Proofpoint, Inc.",0.0001,0.0001,0
"ReachDynamics LLC",0.0001,0.0001,0
"Ignite Enterprise Software Solutions, Inc.",0.0001,0.0001,0
"sendmoments GmbH",0.0001,0,0.0001
"ROLEX SA",0.0001,0,0.0001
"DOSB New Media GmbH",0.0001,0,0.0001
"Western Digital Corporation",0.0001,0.0001,0
"HQ Professional Services GmbH & Co. KG",0.0001,0.0001,0
"proNet Informationssysteme GmbH",0.0001,0.0001,0
"Boost Commerce",0.0001,0,0.0001
"Landwirtschaftsverlag GmbH",0.0001,0.0001,0
"idee. Creativmarkt GmbH & Co. KG",0.0001,0,0.0001
"Flipboard, Inc.",0.0001,0.0001,0
"Skarpline",0.0001,0.0001,0
"HS Media LLC",0.0001,0.0001,0
"JSC Internet Projects",0.0001,0.0001,0
"ADVERTISING SOLUTIONS ONLINE LTD",0.0001,0,0.0001
"zooplus AG",0.0001,0.0001,0
"Air France",0.0001,0.0001,0
"NetEase, Inc.",0.0001,0.0001,0
"Brandsmind",0.0001,0,0.0001
